{
    "0": [
        240.0,
        8596.0
    ],
    "1": [
        1206.0,
        8251.0
    ],
    "2": [
        132.0,
        8511.0
    ],
    "3": [
        406.0,
        8588.0
    ],
    "4": [
        1719.0,
        5199.0
    ],
    "5": [
        777.0,
        4512.0
    ],
    "6": [
        323.0,
        3604.0
    ],
    "7": [
        -18.771251678466797,
        19.83500099182129
    ],
    "8": [
        -7.862499713897705,
        32.102500915527344
    ],
    "9": [
        0.0,
        11.716249465942383
    ],
    "10": [
        -0.030200688168406487,
        0.8983119130134583
    ],
    "11": [
        -0.24485597014427185,
        0.3706563711166382
    ]
}
